id,first_name,last_name,email,gender,ip_address
1,Chariot,Barhims,cbarhims0@nymag.com,Male,255.126.200.228
2,Emili,Duval,eduval1@slideshare.net,Female,204.49.179.94
3,Borden,Fallens,bfallens2@examiner.com,Male,176.85.74.220
4,Imogene,Smedley,ismedley3@liveinternet.ru,Female,112.215.13.85
5,Colline,Larway,clarway4@businessweek.com,Female,65.217.4.177
6,Forster,Challes,fchalles5@cdc.gov,Male,226.247.213.216
7,Stephannie,Izatt,sizatt6@elegantthemes.com,Female,239.71.213.125
8,Tyson,Cruz,tcruz7@berkeley.edu,Male,219.83.161.51
9,Reube,Welland,rwelland8@sfgate.com,Male,214.9.168.160
10,Alberik,Nannizzi,anannizzi9@github.io,Male,108.46.137.139
11,Eolanda,Fortune,efortunea@woothemes.com,Female,203.138.249.238
12,Pavlov,Bewfield,pbewfieldb@redcross.org,Male,83.115.94.143
13,Virge,Glasgow,vglasgowc@craigslist.org,Male,88.0.41.20
14,Reggie,Tidmarsh,rtidmarshd@1688.com,Male,5.0.16.161
15,Elianore,Allwright,eallwrighte@wikimedia.org,Female,230.121.155.123
16,Marnia,Lavalde,mlavaldef@psu.edu,Female,35.114.175.127
17,Kilian,Larmuth,klarmuthg@jimdo.com,Male,91.2.174.201
18,Amalia,Chatainier,achatainierh@whitehouse.gov,Female,59.253.122.222
19,Franciskus,Winchcombe,fwinchcombei@liveinternet.ru,Male,153.132.11.214
20,Kathrine,Gori,kgorij@slideshare.net,Female,157.244.240.27
21,Ferris,Bondar,fbondark@umich.edu,Male,168.254.22.245
22,Keefer,Baldrick,kbaldrickl@seesaa.net,Male,19.33.185.64
23,Ebenezer,Copins,ecopinsm@noaa.gov,Male,9.29.167.239
24,Jerrold,Dovydenas,jdovydenasn@auda.org.au,Male,13.192.186.187
25,Trix,Klimkiewich,tklimkiewicho@moonfruit.com,Female,90.197.71.51
26,Delmor,Beckerleg,dbeckerlegp@dot.gov,Male,140.4.53.22
27,Grange,Hubbold,ghubboldq@marriott.com,Male,161.235.65.198
28,Verene,Bradmore,vbradmorer@4shared.com,Female,180.2.80.242
29,Merrilee,Storrier,mstorriers@statcounter.com,Female,199.196.123.106
30,Herb,Haggard,hhaggardt@tiny.cc,Male,147.165.127.2
31,Shawn,Stuttman,sstuttmanu@google.com,Male,137.11.31.110
32,Elysee,Libreros,elibrerosv@networkadvertising.org,Female,201.17.90.181
33,Kitti,Hannen,khannenw@slideshare.net,Female,104.47.99.225
34,Normie,Featherstone,nfeatherstonex@tripod.com,Male,51.243.125.246
35,Fern,Riddich,friddichy@comsenz.com,Female,21.161.148.232
36,Leroi,Ganforthe,lganforthez@ebay.com,Male,117.97.122.162
37,Rozina,Vial,rvial10@bloglovin.com,Female,163.151.76.162
38,Lezlie,Mingaud,lmingaud11@prlog.org,Female,186.131.243.234
39,Dierdre,Bendelow,dbendelow12@unblog.fr,Female,209.186.85.254
40,Gino,Downing,gdowning13@unicef.org,Male,151.153.185.209
41,Randall,Adanet,radanet14@blogtalkradio.com,Male,209.15.136.119
42,Glynnis,Dwelly,gdwelly15@alexa.com,Female,111.39.168.112
43,Conchita,McGillivray,cmcgillivray16@wired.com,Female,193.137.64.190
44,Reeva,Bladen,rbladen17@ifeng.com,Female,167.199.151.149
45,Elinor,Holleran,eholleran18@pcworld.com,Female,177.150.184.148
46,Karney,O'Halligan,kohalligan19@marketwatch.com,Male,36.223.132.60
47,Lesya,Brewis,lbrewis1a@cbc.ca,Female,39.171.91.97
48,Nevil,Garlick,ngarlick1b@ftc.gov,Male,206.113.27.63
49,Benedetta,Norquoy,bnorquoy1c@nifty.com,Female,245.5.135.35
50,Luciano,Chellingworth,lchellingworth1d@ning.com,Male,173.125.35.191
51,Matthiew,Marcome,mmarcome1e@godaddy.com,Male,209.147.42.236
52,Lorrin,Bruinemann,lbruinemann1f@delicious.com,Female,69.80.94.245
53,Kelley,Roblin,kroblin1g@google.it,Female,93.11.76.106
54,Kinsley,Ovise,kovise1h@seesaa.net,Male,95.193.195.138
55,Bevvy,Pero,bpero1i@facebook.com,Female,23.189.115.67
56,Flossy,Caulket,fcaulket1j@xrea.com,Female,149.230.204.165
57,Rozalin,Britto,rbritto1k@posterous.com,Female,127.231.13.59
58,Orran,Ivashov,oivashov1l@i2i.jp,Male,11.105.23.90
59,Cyndia,Adamczyk,cadamczyk1m@4shared.com,Female,101.71.86.201
60,Conn,Siehard,csiehard1n@exblog.jp,Male,75.19.134.173
61,Rosana,Bernhardi,rbernhardi1o@cocolog-nifty.com,Female,178.207.100.243
62,Etti,O'Clery,eoclery1p@accuweather.com,Female,175.206.201.78
63,Celene,Bilbie,cbilbie1q@vistaprint.com,Female,61.105.211.131
64,Keenan,Statton,kstatton1r@epa.gov,Male,140.149.128.25
65,Tess,Drayton,tdrayton1s@mtv.com,Female,39.128.121.171
66,Trudy,Lyall,tlyall1t@house.gov,Female,0.85.117.64
67,Edwina,Baxendale,ebaxendale1u@theatlantic.com,Female,34.84.227.77
68,Lanny,Tweedell,ltweedell1v@gnu.org,Female,214.244.181.221
69,Hugh,O'Henecan,hohenecan1w@virginia.edu,Male,208.191.78.172
70,Currie,Gaylord,cgaylord1x@buzzfeed.com,Male,185.103.234.34
71,Herschel,Garioch,hgarioch1y@msu.edu,Male,166.122.63.252
72,Constantia,Fearnley,cfearnley1z@github.io,Female,225.151.7.140
73,Teddy,Galbreth,tgalbreth20@feedburner.com,Male,95.212.16.73
74,Terri,Baden,tbaden21@creativecommons.org,Male,30.190.101.3
75,Mariquilla,Gircke,mgircke22@printfriendly.com,Female,17.152.198.118
76,Natassia,Cavozzi,ncavozzi23@domainmarket.com,Female,152.32.54.76
77,Shela,Glentz,sglentz24@goo.gl,Female,43.113.151.251
78,Luce,De Benedetti,ldebenedetti25@jigsy.com,Male,40.198.106.158
79,Doralia,Rosson,drosson26@auda.org.au,Female,19.60.54.162
80,Angie,Dilley,adilley27@eventbrite.com,Female,75.208.166.1
81,Dewie,Southwell,dsouthwell28@mtv.com,Male,183.144.51.15
82,Deerdre,Echallier,dechallier29@surveymonkey.com,Female,76.222.147.127
83,Mela,Keyse,mkeyse2a@networksolutions.com,Female,146.250.96.199
84,Falkner,Bromby,fbromby2b@indiegogo.com,Male,170.221.52.130
85,Wes,Snoddy,wsnoddy2c@woothemes.com,Male,189.253.34.104
86,Muire,Medeway,mmedeway2d@xing.com,Female,209.7.28.210
87,Carlin,Bulford,cbulford2e@trellian.com,Female,156.231.123.54
88,Charil,Wankling,cwankling2f@parallels.com,Female,219.120.21.113
89,Trudy,Portam,tportam2g@cbc.ca,Female,182.68.85.12
90,Alfy,Kinglake,akinglake2h@ezinearticles.com,Female,210.112.239.86
91,Michelle,Ernshaw,mernshaw2i@ucoz.com,Female,104.37.46.252
92,Dinnie,Odhams,dodhams2j@fda.gov,Female,255.51.23.154
93,Gusti,Gibson,ggibson2k@mlb.com,Female,32.22.190.6
94,Ashlee,Sherar,asherar2l@joomla.org,Female,135.198.85.52
95,Wilfred,Danzey,wdanzey2m@pagesperso-orange.fr,Male,63.125.173.65
96,Delia,Walsh,dwalsh2n@php.net,Female,200.186.80.81
97,Lambert,Marciskewski,lmarciskewski2o@fastcompany.com,Male,164.220.240.192
98,Devora,Pendrich,dpendrich2p@pcworld.com,Female,130.88.216.74
99,Humfried,Leroux,hleroux2q@trellian.com,Male,21.220.134.244
100,Pail,Mablestone,pmablestone2r@ow.ly,Male,3.33.15.225
101,Garwood,Donati,gdonati2s@zdnet.com,Male,148.23.119.119
102,Mattias,Issett,missett2t@eventbrite.com,Male,73.99.30.223
103,Ansley,Corzor,acorzor2u@surveymonkey.com,Female,6.162.24.27
104,Myrwyn,Meaking,mmeaking2v@icq.com,Male,156.125.112.251
105,Gayelord,Pyrton,gpyrton2w@ebay.com,Male,221.208.166.43
106,Sheffie,Tooth,stooth2x@hao123.com,Male,87.216.101.182
107,Amelita,Morrallee,amorrallee2y@freewebs.com,Female,37.174.248.92
108,Randy,MacGown,rmacgown2z@blogtalkradio.com,Female,155.77.235.214
109,Elianore,MacConnel,emacconnel30@youtube.com,Female,71.61.17.129
110,Karlen,Terzza,kterzza31@cnn.com,Female,6.247.173.53
111,Adrienne,McCrudden,amccrudden32@canalblog.com,Female,166.176.251.109
112,Cathlene,Whittlesee,cwhittlesee33@eventbrite.com,Female,65.202.123.218
113,Kellia,Moncreiffe,kmoncreiffe34@arstechnica.com,Female,89.48.244.63
114,Dana,Rotherforth,drotherforth35@google.co.uk,Male,144.90.244.44
115,Mattias,Carlan,mcarlan36@cam.ac.uk,Male,252.215.89.204
116,Gherardo,Langfat,glangfat37@bluehost.com,Male,232.96.138.230
117,Quill,Blumer,qblumer38@shinystat.com,Male,47.14.134.214
118,Robby,Heinrici,rheinrici39@ocn.ne.jp,Male,196.124.22.32
119,Xymenes,Fidgeon,xfidgeon3a@geocities.com,Male,56.111.194.59
120,Giraldo,McClintock,gmcclintock3b@cmu.edu,Male,101.238.226.58
121,Robb,Brogan,rbrogan3c@dailymotion.com,Male,111.112.65.151
122,Elane,Gerber,egerber3d@nature.com,Female,136.174.54.157
123,Carlos,Blackburn,cblackburn3e@so-net.ne.jp,Male,26.135.198.84
124,Edward,Werrett,ewerrett3f@yelp.com,Male,232.124.56.75
125,Suzi,Fery,sfery3g@myspace.com,Female,190.168.46.117
126,Wilbert,Harriman,wharriman3h@cmu.edu,Male,38.7.46.246
127,Berkly,Bluett,bbluett3i@wp.com,Male,190.235.194.139
128,Darleen,Laugharne,dlaugharne3j@yellowbook.com,Female,83.107.98.87
129,Edythe,Dear,edear3k@ycombinator.com,Female,236.224.86.176
130,Cristiano,Dikles,cdikles3l@macromedia.com,Male,245.161.44.229
131,Rad,Vinecombe,rvinecombe3m@smugmug.com,Male,200.232.173.227
132,Stephine,Pearman,spearman3n@usgs.gov,Female,190.20.81.199
133,Arielle,Massenhove,amassenhove3o@seesaa.net,Female,174.141.209.209
134,Zitella,Porritt,zporritt3p@pen.io,Female,12.189.120.21
135,Filbert,Bolliver,fbolliver3q@imdb.com,Male,38.81.88.102
136,Celisse,Kanter,ckanter3r@archive.org,Female,136.146.29.46
137,Tammie,Jablonski,tjablonski3s@ucoz.com,Male,131.93.90.106
138,Adah,Josskowitz,ajosskowitz3t@psu.edu,Female,7.210.40.119
139,Martelle,Willbourne,mwillbourne3u@hp.com,Female,197.67.115.27
140,Daryl,Hopewell,dhopewell3v@privacy.gov.au,Male,79.231.240.145
141,Lonnie,Astling,lastling3w@pagesperso-orange.fr,Female,38.205.195.112
142,Vaclav,Waterdrinker,vwaterdrinker3x@unicef.org,Male,19.161.156.113
143,Odelinda,McCathay,omccathay3y@cdbaby.com,Female,32.106.213.169
144,Ozzy,Palfreman,opalfreman3z@qq.com,Male,169.77.12.185
145,Alejandrina,Dollard,adollard40@wordpress.org,Female,195.102.22.213
146,Edie,Thraves,ethraves41@acquirethisname.com,Female,171.45.230.177
147,Spike,Frears,sfrears42@github.io,Male,226.80.72.251
148,Shae,Bloxsome,sbloxsome43@prweb.com,Female,212.14.62.43
149,Amberly,Moncreif,amoncreif44@virginia.edu,Female,39.206.197.61
150,Ingemar,Rickwood,irickwood45@myspace.com,Male,128.134.90.122
151,Allyn,Coltherd,acoltherd46@multiply.com,Male,203.226.32.71
152,Harcourt,Moreside,hmoreside47@nationalgeographic.com,Male,215.89.211.86
153,Andria,Bendix,abendix48@goo.gl,Female,127.67.223.122
154,Morie,Gunbie,mgunbie49@hostgator.com,Male,135.119.199.97
155,Jocko,Haswell,jhaswell4a@chron.com,Male,53.202.170.130
156,Hobart,McVeagh,hmcveagh4b@1688.com,Male,183.182.28.215
157,Nesta,Merle,nmerle4c@xing.com,Female,57.132.32.184
158,Rochelle,Gauche,rgauche4d@who.int,Female,225.151.216.78
159,Emmy,Stubbert,estubbert4e@yolasite.com,Female,140.228.247.122
160,Beulah,Sivill,bsivill4f@slashdot.org,Female,8.34.130.100
161,Nikkie,Plumbe,nplumbe4g@mtv.com,Female,199.44.242.206
162,Dorisa,Haborn,dhaborn4h@nifty.com,Female,215.137.171.165
163,Adelind,Shildrick,ashildrick4i@cnn.com,Female,67.151.223.89
164,Forest,Smithson,fsmithson4j@ebay.co.uk,Male,162.111.227.176
165,Rudolf,Philcock,rphilcock4k@stumbleupon.com,Male,154.214.36.121
166,Wolfgang,Barnsdall,wbarnsdall4l@addthis.com,Male,94.195.25.35
167,Fransisco,Janik,fjanik4m@state.gov,Male,162.231.40.150
168,Gifford,Ilbert,gilbert4n@wunderground.com,Male,44.87.111.251
169,Paula,Molineaux,pmolineaux4o@gov.uk,Female,214.225.66.179
170,Agustin,Mulrenan,amulrenan4p@sfgate.com,Male,66.0.235.47
171,Phylys,Garn,pgarn4q@tripod.com,Female,202.198.255.101
172,Belita,Kenningley,bkenningley4r@altervista.org,Female,41.248.208.223
173,Rita,Jakes,rjakes4s@bandcamp.com,Female,149.97.119.223
174,Ezra,Moden,emoden4t@nhs.uk,Male,23.44.38.111
175,Peterus,Dooher,pdooher4u@ucla.edu,Male,195.221.8.115
176,Joyann,Roller,jroller4v@gizmodo.com,Female,58.212.118.89
177,Dedra,Fritchley,dfritchley4w@pinterest.com,Female,20.204.155.166
178,Mae,Gargett,mgargett4x@hubpages.com,Female,34.49.218.45
179,Giuditta,Rutt,grutt4y@amazonaws.com,Female,136.174.116.134
180,Dorey,Zukierman,dzukierman4z@miibeian.gov.cn,Female,149.130.56.112
181,Davita,Meus,dmeus50@cnet.com,Female,150.86.1.187
182,Reinhard,Brockelsby,rbrockelsby51@sciencedaily.com,Male,24.104.233.103
183,Holly-anne,Artiss,hartiss52@businessweek.com,Female,103.135.222.193
184,Tammy,Northgraves,tnorthgraves53@webs.com,Female,164.88.201.28
185,Klement,Tuffrey,ktuffrey54@wordpress.org,Male,137.43.229.23
186,Velma,Viggars,vviggars55@wunderground.com,Female,45.216.73.11
187,Shae,Robertson,srobertson56@tinyurl.com,Female,20.165.254.234
188,Lauritz,Crolly,lcrolly57@hugedomains.com,Male,214.196.160.202
189,Lyn,Mountcastle,lmountcastle58@cbslocal.com,Male,176.42.3.57
190,Guillaume,Tollow,gtollow59@uol.com.br,Male,50.94.157.152
191,Holmes,Cassels,hcassels5a@geocities.com,Male,79.158.201.141
192,Lorrie,Chapiro,lchapiro5b@123-reg.co.uk,Male,151.133.164.232
193,Salmon,Trussman,strussman5c@google.de,Male,250.101.113.222
194,Blakelee,Ickovici,bickovici5d@ihg.com,Female,53.111.166.26
195,Berny,Riseborough,briseborough5e@cisco.com,Female,115.88.5.134
196,Leeanne,Wessell,lwessell5f@com.com,Female,186.36.25.255
197,Michel,Blunn,mblunn5g@chron.com,Male,85.203.243.40
198,Catherina,Lerego,clerego5h@amazon.co.uk,Female,232.96.32.34
199,Kippar,Blaik,kblaik5i@webmd.com,Male,104.5.63.42
200,Bord,Jendrich,bjendrich5j@merriam-webster.com,Male,122.123.145.231
201,Ollie,Simionescu,osimionescu5k@i2i.jp,Male,195.173.80.103
202,Belicia,Hully,bhully5l@spotify.com,Female,168.216.87.238
203,Reinwald,Giveen,rgiveen5m@qq.com,Male,178.18.229.150
204,Bren,Huett,bhuett5n@stanford.edu,Female,247.153.76.143
205,Vinni,Janca,vjanca5o@china.com.cn,Female,75.157.170.63
206,Ben,Vogt,bvogt5p@ted.com,Male,56.49.224.246
207,Amie,Klugman,aklugman5q@deliciousdays.com,Female,65.181.235.232
208,Julissa,Kollas,jkollas5r@fc2.com,Female,21.99.127.231
209,Huntington,Wibberley,hwibberley5s@flavors.me,Male,228.32.10.212
210,Murry,Stannah,mstannah5t@ca.gov,Male,36.202.95.200
211,Brig,Gerrit,bgerrit5u@moonfruit.com,Male,12.152.85.216
212,Cosme,Arman,carman5v@reverbnation.com,Male,8.121.124.172
213,Winne,Edwin,wedwin5w@netscape.com,Female,44.243.254.53
214,Gerald,St Clair,gstclair5x@chronoengine.com,Male,243.238.145.110
215,Illa,Fitzsimon,ifitzsimon5y@comcast.net,Female,136.125.96.182
216,Wald,Mayler,wmayler5z@youku.com,Male,187.254.219.233
217,Shalom,Piscopo,spiscopo60@engadget.com,Male,166.113.126.191
218,Palmer,Drescher,pdrescher61@free.fr,Male,124.206.4.245
219,Wang,Gerran,wgerran62@cisco.com,Male,226.217.87.120
220,Pamella,Birrane,pbirrane63@phoca.cz,Female,57.179.52.175
221,Dael,Behnecken,dbehnecken64@edublogs.org,Male,37.215.176.178
222,Pate,Braunlein,pbraunlein65@g.co,Male,60.29.39.245
223,Griffy,Jessup,gjessup66@so-net.ne.jp,Male,80.157.200.6
224,Valaria,Quest,vquest67@tmall.com,Female,82.146.2.134
225,Wylie,Kilkenny,wkilkenny68@diigo.com,Male,38.246.235.208
226,Bing,Colclough,bcolclough69@cyberchimps.com,Male,45.182.86.253
227,Robena,Floyed,rfloyed6a@goodreads.com,Female,200.149.178.71
228,Elisha,Jasper,ejasper6b@bravesites.com,Female,153.34.65.134
229,Salaidh,Jenkerson,sjenkerson6c@fda.gov,Female,2.145.123.39
230,Tracee,Bellringer,tbellringer6d@sfgate.com,Female,24.58.29.7
231,Nikita,Muckian,nmuckian6e@shinystat.com,Male,157.162.158.179
232,Sisely,Bullocke,sbullocke6f@uol.com.br,Female,27.91.136.183
233,Linzy,Hablet,lhablet6g@google.ru,Female,218.0.62.7
234,Caitlin,Croom,ccroom6h@google.cn,Female,250.43.214.155
235,Robenia,Dobbinson,rdobbinson6i@tinypic.com,Female,163.251.183.49
236,Haily,Bysh,hbysh6j@wired.com,Male,194.95.173.56
237,Cyrillus,Haswell,chaswell6k@mashable.com,Male,11.193.65.68
238,Ivonne,Falkous,ifalkous6l@accuweather.com,Female,61.46.177.160
239,Leontine,Le Bosse,llebosse6m@buzzfeed.com,Female,245.112.35.105
240,Abner,Sulland,asulland6n@bizjournals.com,Male,224.157.192.104
241,Rickie,Radbourne,rradbourne6o@cocolog-nifty.com,Female,123.25.30.153
242,Valentine,Minger,vminger6p@51.la,Female,91.233.1.101
243,Theo,Shearer,tshearer6q@simplemachines.org,Male,35.133.243.196
244,Niko,Spleving,nspleving6r@163.com,Male,38.36.111.122
245,Rahal,Redgrave,rredgrave6s@nbcnews.com,Female,20.237.174.8
246,Neils,Alloisi,nalloisi6t@hibu.com,Male,51.81.42.224
247,Cathie,Borzone,cborzone6u@about.com,Female,113.232.78.63
248,Camilla,Artingstall,cartingstall6v@omniture.com,Female,204.163.8.41
249,Wood,Trump,wtrump6w@mail.ru,Male,201.36.189.183
250,Heida,Drury,hdrury6x@arstechnica.com,Female,172.165.225.255
251,Kip,O'Doherty,kodoherty6y@oakley.com,Male,235.117.131.251
252,Ania,Sherreard,asherreard6z@answers.com,Female,23.6.143.238
253,Ernest,Kennard,ekennard70@nationalgeographic.com,Male,18.55.176.224
254,Cosimo,Kerton,ckerton71@engadget.com,Male,230.143.217.158
255,Coraline,Morison,cmorison72@unblog.fr,Female,211.177.210.56
256,Bogart,Henriet,bhenriet73@scribd.com,Male,176.52.176.83
257,Catlaina,Heathcoat,cheathcoat74@w3.org,Female,29.205.140.194
258,Jocelyne,Laver,jlaver75@discuz.net,Female,108.53.190.228
259,Rowen,Nerger,rnerger76@wufoo.com,Male,209.51.219.22
260,Barthel,Rann,brann77@google.co.jp,Male,7.191.166.141
261,Gracie,Derill,gderill78@ycombinator.com,Female,165.128.224.171
262,Rodge,Haliburton,rhaliburton79@toplist.cz,Male,76.143.211.154
263,Charis,Garmans,cgarmans7a@netvibes.com,Female,157.62.118.174
264,Mariya,Jirasek,mjirasek7b@naver.com,Female,191.221.219.219
265,Minny,Lanfranchi,mlanfranchi7c@toplist.cz,Female,35.126.248.92
266,Gracie,Haking,ghaking7d@hostgator.com,Female,173.2.43.39
267,Kendre,Older,kolder7e@4shared.com,Female,226.121.109.176
268,Timotheus,Kahler,tkahler7f@economist.com,Male,173.50.140.244
269,Beryl,Treat,btreat7g@so-net.ne.jp,Female,24.160.191.150
270,Perl,Pickavant,ppickavant7h@360.cn,Female,149.10.250.50
271,Alaric,Crummy,acrummy7i@moonfruit.com,Male,109.106.248.245
272,Julina,Buncombe,jbuncombe7j@google.co.jp,Female,200.63.241.103
273,Lurlene,Janecki,ljanecki7k@linkedin.com,Female,59.147.226.198
274,Patrizius,Wimms,pwimms7l@bloomberg.com,Male,165.251.191.39
275,Delmore,Bradie,dbradie7m@blog.com,Male,101.21.160.142
276,Pegeen,Silley,psilley7n@blog.com,Female,102.121.252.239
277,Judith,Forst,jforst7o@hugedomains.com,Female,124.34.226.103
278,Eveleen,Ackred,eackred7p@biblegateway.com,Female,119.185.35.90
279,Dov,Josselson,djosselson7q@fema.gov,Male,231.38.132.248
280,Nora,Gurnay,ngurnay7r@ftc.gov,Female,181.235.174.236
281,Denyse,Aiskovitch,daiskovitch7s@abc.net.au,Female,250.95.42.250
282,Terry,Archdeckne,tarchdeckne7t@cnn.com,Male,248.43.192.57
283,Klemens,Younger,kyounger7u@etsy.com,Male,154.191.204.82
284,Raimundo,Denniston,rdenniston7v@icq.com,Male,139.241.245.50
285,Tracy,Leagas,tleagas7w@mac.com,Female,137.31.214.155
286,Felecia,Asken,fasken7x@toplist.cz,Female,217.149.239.95
287,Lezley,Peverell,lpeverell7y@sourceforge.net,Male,190.125.210.62
288,Ermanno,Salzburger,esalzburger7z@indiatimes.com,Male,89.115.178.156
289,Stirling,Harse,sharse80@tiny.cc,Male,45.142.154.86
290,Jay,Bygott,jbygott81@istockphoto.com,Male,238.148.128.243
291,Saloma,Rajchert,srajchert82@bloglines.com,Female,162.30.100.88
292,Barbi,Poulglais,bpoulglais83@youku.com,Female,167.75.197.85
293,Armand,Andriveaux,aandriveaux84@msn.com,Male,8.245.199.78
294,Aidan,Ashplant,aashplant85@istockphoto.com,Female,90.73.64.120
295,Donnajean,Brazelton,dbrazelton86@pen.io,Female,245.117.206.73
296,Florenza,Vidgeon,fvidgeon87@angelfire.com,Female,172.193.93.11
297,Salvatore,Gridon,sgridon88@shinystat.com,Male,188.54.16.161
298,Tootsie,Carruthers,tcarruthers89@liveinternet.ru,Female,100.239.18.34
299,Mallorie,Dowdell,mdowdell8a@fotki.com,Female,15.246.61.71
300,Ragnar,Pryde,rpryde8b@dagondesign.com,Male,3.110.2.76
301,Marnia,Flinders,mflinders8c@timesonline.co.uk,Female,204.123.2.161
302,Augustine,Spires,aspires8d@mozilla.com,Female,38.87.107.68
303,Charlotte,Davydenko,cdavydenko8e@angelfire.com,Female,18.58.132.165
304,Charlot,Gregorace,cgregorace8f@si.edu,Female,226.2.5.169
305,Cole,Rannells,crannells8g@unicef.org,Male,91.164.16.157
306,Lacy,Coushe,lcoushe8h@ycombinator.com,Female,72.80.133.73
307,Lynna,Carnachen,lcarnachen8i@freewebs.com,Female,1.187.155.146
308,Isak,Borham,iborham8j@furl.net,Male,183.151.70.182
309,Ferdinanda,Bagnall,fbagnall8k@edublogs.org,Female,121.134.77.247
310,Haley,Featherstonehaugh,hfeatherstonehaugh8l@gov.uk,Male,238.31.243.253
311,Jesselyn,Adams,jadams8m@unicef.org,Female,234.40.178.44
312,Lily,Radley,lradley8n@loc.gov,Female,237.179.39.227
313,Gerhard,McConigal,gmcconigal8o@tmall.com,Male,70.244.195.39
314,Ulrica,De Bellis,udebellis8p@canalblog.com,Female,172.29.243.88
315,Jase,Nollet,jnollet8q@istockphoto.com,Male,54.104.53.64
316,Nicola,Martin,nmartin8r@arizona.edu,Male,83.119.81.244
317,Merwyn,Stallybrass,mstallybrass8s@google.ru,Male,49.72.190.251
318,Arabelle,Lorryman,alorryman8t@discuz.net,Female,185.240.238.185
319,Jase,Jessard,jjessard8u@list-manage.com,Male,148.205.21.233
320,Leicester,Boichat,lboichat8v@hubpages.com,Male,229.113.197.246
321,Nicola,Drewes,ndrewes8w@freewebs.com,Male,170.253.18.23
322,Lamar,Giordano,lgiordano8x@squidoo.com,Male,139.145.113.6
323,Emory,Salan,esalan8y@prweb.com,Male,202.194.212.163
324,Erinn,Waylen,ewaylen8z@barnesandnoble.com,Female,140.240.241.156
325,Katinka,Hooks,khooks90@twitpic.com,Female,123.75.219.132
326,Tanya,MacVaugh,tmacvaugh91@nsw.gov.au,Female,118.79.198.102
327,Sylas,Shrieves,sshrieves92@csmonitor.com,Male,48.235.94.158
328,Harley,Unworth,hunworth93@360.cn,Female,238.205.87.121
329,Tamra,Try,ttry94@imageshack.us,Female,183.255.23.9
330,Gabi,Happs,ghapps95@zdnet.com,Female,124.219.228.106
331,Sam,Cherry Holme,scherryholme96@flickr.com,Female,194.229.173.140
332,Austin,Orrice,aorrice97@tripod.com,Male,134.81.90.20
333,Raynor,Corse,rcorse98@wsj.com,Male,231.56.42.14
334,Joey,Whitta,jwhitta99@dion.ne.jp,Male,166.222.75.43
335,Mozelle,Venneur,mvenneur9a@posterous.com,Female,79.174.181.4
336,See,Gwilliam,sgwilliam9b@1688.com,Male,196.6.200.149
337,Jeane,Tomich,jtomich9c@ebay.co.uk,Female,77.100.230.201
338,Morgen,Sansom,msansom9d@spiegel.de,Male,221.24.44.27
339,Allyson,Torr,atorr9e@angelfire.com,Female,219.32.119.228
340,Sherlocke,Skepper,sskepper9f@sourceforge.net,Male,86.61.31.16
341,Leda,Oxenham,loxenham9g@youtu.be,Female,51.51.62.72
342,Dee,Mcwhinnie,dmcwhinnie9h@narod.ru,Female,248.30.56.105
343,Bondy,Melia,bmelia9i@webnode.com,Male,111.69.65.129
344,Fin,Thorn,fthorn9j@google.com.au,Male,210.1.42.254
345,Jania,Russen,jrussen9k@wunderground.com,Female,16.81.28.7
346,Carlina,Dittson,cdittson9l@mapquest.com,Female,36.237.167.236
347,Berkie,Bodleigh,bbodleigh9m@booking.com,Male,125.223.205.3
348,Maggee,Hubbold,mhubbold9n@dropbox.com,Female,103.209.132.69
349,Jillian,Chilver,jchilver9o@apache.org,Female,218.194.183.142
350,Seward,Farmloe,sfarmloe9p@census.gov,Male,13.74.11.103
351,Gris,Prydie,gprydie9q@odnoklassniki.ru,Male,87.155.95.84
352,Darlene,Ellerby,dellerby9r@merriam-webster.com,Female,117.56.226.112
353,Greg,Boake,gboake9s@howstuffworks.com,Male,183.166.67.157
354,Dalston,Swayne,dswayne9t@si.edu,Male,4.108.110.249
355,Pembroke,Bruins,pbruins9u@sina.com.cn,Male,252.145.87.138
356,Gabie,Burkin,gburkin9v@nhs.uk,Female,185.158.106.154
357,Rockwell,Plane,rplane9w@un.org,Male,5.219.146.36
358,Dulce,Markos,dmarkos9x@netvibes.com,Female,148.66.160.142
359,Moshe,Golde,mgolde9y@jiathis.com,Male,6.67.166.81
360,Hyatt,Alekseev,halekseev9z@imageshack.us,Male,51.132.16.87
361,Murdoch,Starcks,mstarcksa0@ihg.com,Male,212.133.105.240
362,Tuckie,Bachnic,tbachnica1@w3.org,Male,2.79.142.73
363,Melissa,Bouldstridge,mbouldstridgea2@storify.com,Female,130.232.72.34
364,Cilka,Kingwell,ckingwella3@nature.com,Female,243.72.91.108
365,Petunia,Kenen,pkenena4@istockphoto.com,Female,221.21.235.101
366,Norton,Igo,nigoa5@wiley.com,Male,152.228.28.135
367,Timoteo,Tremonte,ttremontea6@mit.edu,Male,129.169.44.128
368,Jeffie,Dreamer,jdreamera7@seattletimes.com,Male,253.98.154.228
369,Arley,Newns,anewnsa8@psu.edu,Male,232.143.221.19
370,Eleanora,Nevin,enevina9@g.co,Female,197.104.221.184
371,Belia,Boays,bboaysaa@tuttocitta.it,Female,106.100.178.12
372,Esme,Nenci,enenciab@time.com,Male,40.79.7.179
373,Delora,Rodda,droddaac@wufoo.com,Female,212.162.11.180
374,Leonanie,Pallasch,lpallaschad@google.co.uk,Female,136.246.59.13
375,Waldon,Pimlock,wpimlockae@latimes.com,Male,158.84.56.208
376,Cleon,Venn,cvennaf@illinois.edu,Male,144.66.106.15
377,Harlene,Ambrogioli,hambrogioliag@zdnet.com,Female,170.229.165.188
378,Celestine,Frugier,cfrugierah@buzzfeed.com,Female,69.6.149.249
379,Keen,Tolley,ktolleyai@barnesandnoble.com,Male,123.147.142.177
380,Hailee,Gilkison,hgilkisonaj@sitemeter.com,Female,217.19.59.78
381,Dirk,Windibank,dwindibankak@prweb.com,Male,254.21.108.122
382,Alleyn,Priest,apriestal@delicious.com,Male,120.205.96.137
383,Henrik,Rowcliffe,hrowcliffeam@wunderground.com,Male,151.22.97.236
384,Udall,Gibling,ugiblingan@aol.com,Male,129.244.157.87
385,Andros,Middle,amiddleao@house.gov,Male,193.163.217.99
386,Michaeline,Urridge,murridgeap@alibaba.com,Female,150.63.185.62
387,Dorise,Trappe,dtrappeaq@noaa.gov,Female,42.181.201.29
388,Adler,Eady,aeadyar@marriott.com,Male,196.53.170.213
389,Cristi,Pettifer,cpettiferas@plala.or.jp,Female,47.104.46.33
390,Vasily,Wherrit,vwherritat@washingtonpost.com,Male,162.237.174.114
391,Dyann,Brigshaw,dbrigshawau@nba.com,Female,72.115.53.172
392,Claus,Wollers,cwollersav@census.gov,Male,152.246.72.213
393,Celesta,Filippone,cfilipponeaw@amazonaws.com,Female,169.22.200.166
394,Meagan,Simka,msimkaax@histats.com,Female,144.210.180.137
395,Bambi,Feltoe,bfeltoeay@state.tx.us,Female,142.4.72.145
396,Carson,Enga,cengaaz@nps.gov,Male,163.168.101.253
397,Glynda,Kinnar,gkinnarb0@shareasale.com,Female,160.192.93.241
398,Katharine,Aldham,kaldhamb1@elegantthemes.com,Female,29.70.51.89
399,Beth,Keuneke,bkeunekeb2@fc2.com,Female,213.150.28.22
400,Bail,Gomar,bgomarb3@intel.com,Male,117.253.76.78
401,Vale,Matushevitz,vmatushevitzb4@salon.com,Male,205.142.214.28
402,Gery,Cristofor,gcristoforb5@ning.com,Male,168.30.43.156
403,Rosana,De L'Isle,rdelisleb6@house.gov,Female,157.190.246.113
404,Bernete,Svanetti,bsvanettib7@blinklist.com,Female,75.48.187.95
405,Arleen,Guard,aguardb8@mozilla.org,Female,204.220.148.249
406,Valene,Janikowski,vjanikowskib9@ameblo.jp,Female,19.232.65.13
407,Damian,Hailey,dhaileyba@instagram.com,Male,70.108.1.125
408,Alejandrina,Schonfeld,aschonfeldbb@behance.net,Female,20.67.203.36
409,Alane,Frankowski,afrankowskibc@indiegogo.com,Female,153.222.41.94
410,Hulda,Shovelbottom,hshovelbottombd@facebook.com,Female,67.179.114.41
411,Sheryl,Iglesia,siglesiabe@ebay.com,Female,237.139.153.167
412,Eldin,Megarrell,emegarrellbf@prlog.org,Male,220.232.158.151
413,Corine,Dolley,cdolleybg@bloomberg.com,Female,196.139.248.245
414,Jeannette,Yukhnev,jyukhnevbh@example.com,Female,123.147.245.107
415,Davidde,Maltster,dmaltsterbi@auda.org.au,Male,20.69.37.76
416,Read,Bennion,rbennionbj@bluehost.com,Male,129.197.210.144
417,Raphaela,Ballaam,rballaambk@fc2.com,Female,84.104.160.78
418,Bartram,Leversha,blevershabl@behance.net,Male,116.48.1.108
419,Rowena,Eles,relesbm@tiny.cc,Female,102.253.247.193
420,Joyous,Creagh,jcreaghbn@nps.gov,Female,134.127.254.146
421,Wes,Brash,wbrashbo@walmart.com,Male,234.212.146.52
422,Elicia,Zollner,ezollnerbp@springer.com,Female,106.151.65.203
423,Mose,Stillmann,mstillmannbq@edublogs.org,Male,218.216.217.30
424,Locke,Etock,letockbr@dropbox.com,Male,95.94.82.137
425,Giustino,Licari,glicaribs@harvard.edu,Male,213.84.85.65
426,Jephthah,Maxted,jmaxtedbt@webeden.co.uk,Male,238.117.206.100
427,Stu,Foley,sfoleybu@cmu.edu,Male,200.8.203.150
428,Loren,Barrable,lbarrablebv@cpanel.net,Female,169.192.101.244
429,Clementius,MacSporran,cmacsporranbw@opensource.org,Male,135.40.235.43
430,Fowler,Sings,fsingsbx@yandex.ru,Male,252.16.248.179
431,Rutger,Cohen,rcohenby@washington.edu,Male,32.172.13.231
432,Isidro,Cadamy,icadamybz@ocn.ne.jp,Male,250.33.216.83
433,Massimo,Maynard,mmaynardc0@admin.ch,Male,161.165.205.130
434,Ruddy,Pickrell,rpickrellc1@over-blog.com,Male,145.52.81.1
435,Kassie,Kirkwood,kkirkwoodc2@discovery.com,Female,224.53.27.113
436,Darrin,Girodier,dgirodierc3@imageshack.us,Male,238.20.206.22
437,Reidar,Crowcum,rcrowcumc4@ocn.ne.jp,Male,195.213.87.81
438,Claiborn,Pretor,cpretorc5@ehow.com,Male,251.164.9.184
439,Kaela,Fleckness,kflecknessc6@4shared.com,Female,186.16.89.37
440,Callean,Pope,cpopec7@google.co.uk,Male,78.253.183.233
441,Vivyanne,Penrose,vpenrosec8@homestead.com,Female,38.20.152.34
442,Sandi,Dondon,sdondonc9@globo.com,Female,121.180.116.145
443,Dennie,Banister,dbanisterca@hhs.gov,Male,32.104.229.161
444,Dominique,Tuer,dtuercb@apache.org,Male,140.115.7.8
445,Rosemonde,Ledgister,rledgistercc@oaic.gov.au,Female,246.186.137.174
446,Layney,Bartolomieu,lbartolomieucd@va.gov,Female,169.127.118.138
447,Delmar,Langmuir,dlangmuirce@histats.com,Male,51.246.28.16
448,Kelly,Lovie,kloviecf@liveinternet.ru,Male,18.63.130.88
449,Merrilee,Mochar,mmocharcg@issuu.com,Female,93.184.63.64
450,Abigael,McCrohon,amccrohonch@ihg.com,Female,190.140.64.212
451,Haroun,MacAdie,hmacadieci@ox.ac.uk,Male,84.21.203.242
452,Angeline,Ragdale,aragdalecj@tumblr.com,Female,179.191.246.138
453,Aurlie,Sandever,asandeverck@macromedia.com,Female,8.183.71.36
454,Wilfred,Edgson,wedgsoncl@prnewswire.com,Male,186.47.169.200
455,Aveline,Strelitzki,astrelitzkicm@virginia.edu,Female,253.36.10.160
456,Taddeo,Samuel,tsamuelcn@eventbrite.com,Male,235.97.151.239
457,Efrem,Shoreman,eshoremanco@state.gov,Male,130.164.155.239
458,Gearalt,Semrad,gsemradcp@vkontakte.ru,Male,30.254.207.41
459,Ravi,Hambidge,rhambidgecq@comsenz.com,Male,255.180.248.232
460,Dalli,Goom,dgoomcr@sfgate.com,Male,83.114.141.35
461,Sibley,Cockrell,scockrellcs@fema.gov,Female,174.92.125.67
462,Clair,Elphey,celpheyct@google.com.au,Male,22.168.74.125
463,Roderigo,Clift,rcliftcu@xing.com,Male,219.76.146.206
464,Marissa,Bullick,mbullickcv@prlog.org,Female,197.157.166.68
465,Pall,Colcomb,pcolcombcw@un.org,Male,125.66.109.56
466,Carmelina,Loader,cloadercx@ustream.tv,Female,23.85.173.178
467,Umberto,Fogg,ufoggcy@quantcast.com,Male,160.211.166.95
468,Moises,Farnill,mfarnillcz@house.gov,Male,22.226.211.87
469,Melita,Renzo,mrenzod0@walmart.com,Female,171.194.138.27
470,Hamish,Landa,hlandad1@vimeo.com,Male,41.81.88.82
471,Maire,Braidman,mbraidmand2@exblog.jp,Female,13.242.98.43
472,Cari,Maggs,cmaggsd3@hatena.ne.jp,Female,9.135.169.223
473,Blinny,Espinal,bespinald4@msu.edu,Female,10.28.229.106
474,Margaret,Storah,mstorahd5@loc.gov,Female,66.114.101.4
475,Bank,Percifer,bperciferd6@seattletimes.com,Male,111.96.223.145
476,Linet,Dineges,ldinegesd7@mysql.com,Female,6.229.235.102
477,Farand,Cesaric,fcesaricd8@xrea.com,Female,196.197.231.243
478,Britt,Kilgallen,bkilgallend9@multiply.com,Male,107.17.202.51
479,Olivier,Dyos,odyosda@prlog.org,Male,149.235.222.54
480,Hendrick,Witherow,hwitherowdb@typepad.com,Male,254.106.199.167
481,Hildegaard,Sent,hsentdc@ebay.co.uk,Female,158.84.247.121
482,Erinna,Becconsall,ebecconsalldd@cloudflare.com,Female,28.160.187.155
483,Maggee,Linde,mlindede@ovh.net,Female,238.40.79.249
484,Hester,Siseland,hsiselanddf@wisc.edu,Female,82.35.190.11
485,Leonhard,Tinner,ltinnerdg@last.fm,Male,209.25.16.232
486,Skip,Milliken,smillikendh@economist.com,Male,40.2.125.0
487,Evered,Bridal,ebridaldi@g.co,Male,1.227.22.74
488,Tonia,Tiddy,ttiddydj@shinystat.com,Female,152.184.33.220
489,Cloe,Grinyov,cgrinyovdk@google.co.uk,Female,228.197.214.9
490,Doll,Bickle,dbickledl@washington.edu,Female,51.129.13.10
491,Marina,Hischke,mhischkedm@techcrunch.com,Female,14.47.207.251
492,Nicolai,Earp,nearpdn@irs.gov,Male,251.211.229.113
493,Kylynn,Lambot,klambotdo@toplist.cz,Female,176.136.231.83
494,Rossie,Lanfranconi,rlanfranconidp@discovery.com,Male,152.91.175.175
495,Eleen,Heyball,eheyballdq@ebay.com,Female,63.89.160.132
496,Brenda,Brunke,bbrunkedr@tinypic.com,Female,16.30.201.215
497,Babs,Mitchelhill,bmitchelhillds@printfriendly.com,Female,185.72.242.162
498,Artur,MacNish,amacnishdt@telegraph.co.uk,Male,204.85.104.98
499,Axe,Snelman,asnelmandu@telegraph.co.uk,Male,91.247.112.218
500,Kelwin,Geck,kgeckdv@squarespace.com,Male,239.79.154.47
501,Benedict,Cheevers,bcheeversdw@e-recht24.de,Male,238.18.118.119
502,Regen,Stower,rstowerdx@rambler.ru,Male,218.51.255.107
503,Linn,Zecchini,lzecchinidy@xinhuanet.com,Male,244.149.239.12
504,Conroy,Surgenor,csurgenordz@artisteer.com,Male,4.154.133.255
505,Jerald,Pedgrift,jpedgrifte0@arizona.edu,Male,195.64.48.212
506,Florencia,Kernes,fkernese1@spotify.com,Female,50.96.93.178
507,Cliff,Beautyman,cbeautymane2@gnu.org,Male,104.4.12.63
508,Neda,Yanele,nyanelee3@typepad.com,Female,63.163.227.26
509,Saloma,Beggan,sbeggane4@craigslist.org,Female,84.223.212.26
510,Chase,Telfer,ctelfere5@bloomberg.com,Male,128.77.148.2
511,Ajay,Harkins,aharkinse6@example.com,Female,8.141.227.110
512,Will,Gagin,wgagine7@statcounter.com,Male,192.181.171.157
513,Modestia,Vakhonin,mvakhonine8@gnu.org,Female,19.80.172.137
514,Shoshanna,Craigmile,scraigmilee9@nymag.com,Female,59.1.153.135
515,Marthena,Whelan,mwhelanea@posterous.com,Female,74.138.231.103
516,Maggee,Verling,mverlingeb@sohu.com,Female,72.22.205.199
517,Tanya,Gino,tginoec@icio.us,Female,135.142.107.178
518,Edi,Ferroli,eferrolied@opera.com,Female,220.109.125.35
519,Felita,Boick,fboickee@imdb.com,Female,70.52.32.178
520,Cassandra,Mayell,cmayellef@hugedomains.com,Female,73.185.96.137
521,Bord,Geoghegan,bgeogheganeg@canalblog.com,Male,126.247.9.162
522,Bastien,Bamber,bbambereh@bloomberg.com,Male,194.227.5.149
523,Lefty,Olifaunt,lolifauntei@ed.gov,Male,101.94.135.239
524,Julie,Bramley,jbramleyej@npr.org,Male,147.112.200.63
525,Arlina,Barts,abartsek@pagesperso-orange.fr,Female,108.218.135.86
526,Ardeen,Cowen,acowenel@newyorker.com,Female,220.14.55.151
527,Hewe,Eddleston,heddlestonem@chron.com,Male,72.110.199.80
528,Ferdy,Belchambers,fbelchambersen@chicagotribune.com,Male,208.208.172.67
529,Mayer,Catto,mcattoeo@elegantthemes.com,Male,249.66.218.218
530,Chaunce,Skuce,cskuceep@rambler.ru,Male,7.214.152.255
531,Nellie,Crop,ncropeq@reddit.com,Female,83.220.55.89
532,Leanora,Acome,lacomeer@amazon.co.jp,Female,173.125.9.74
533,Curcio,Joicey,cjoiceyes@sogou.com,Male,80.189.126.231
534,Suzette,Ridler,sridleret@xrea.com,Female,65.241.107.132
535,Sherye,Grinnell,sgrinnelleu@weibo.com,Female,214.156.180.12
536,Audrey,Ganny,agannyev@123-reg.co.uk,Female,214.120.147.33
537,Brent,Dunkersley,bdunkersleyew@cbsnews.com,Male,179.72.164.167
538,Arda,Magnar,amagnarex@mapy.cz,Female,96.162.148.30
539,Wallie,Jakoubek,wjakoubekey@flickr.com,Male,13.4.146.153
540,Horten,Constantine,hconstantineez@imdb.com,Male,59.194.96.230
541,Gregory,Keddle,gkeddlef0@naver.com,Male,173.253.36.100
542,Quintilla,Calderbank,qcalderbankf1@etsy.com,Female,15.26.33.139
543,Margery,Jacobbe,mjacobbef2@opensource.org,Female,169.255.87.118
544,Chaunce,Willeman,cwillemanf3@amazonaws.com,Male,233.32.193.180
545,Reagen,Sancraft,rsancraftf4@amazon.co.jp,Male,128.246.134.67
546,Noland,Byer,nbyerf5@upenn.edu,Male,169.179.174.24
547,Elvira,Hawes,ehawesf6@dot.gov,Female,157.250.113.45
548,Zachery,Shelsher,zshelsherf7@blinklist.com,Male,47.200.85.73
549,Sanford,De Cruze,sdecruzef8@reddit.com,Male,173.228.172.227
550,Gardie,Bordiss,gbordissf9@princeton.edu,Male,238.91.89.44
551,Hildegarde,O'Coskerry,hocoskerryfa@google.com,Female,223.194.249.41
552,Marchelle,Lauritsen,mlauritsenfb@nba.com,Female,70.67.41.40
553,Reeba,Kunneke,rkunnekefc@samsung.com,Female,189.172.199.130
554,Werner,Kernley,wkernleyfd@squarespace.com,Male,171.195.248.203
555,Pavia,Stothart,pstothartfe@phoca.cz,Female,197.243.204.16
556,Esmaria,Trevena,etrevenaff@ebay.com,Female,101.102.181.224
557,Sharl,Restall,srestallfg@t.co,Female,0.202.223.108
558,Dionne,Kettoe,dkettoefh@washington.edu,Female,167.91.208.127
559,Cosme,Dirr,cdirrfi@hostgator.com,Male,78.163.250.5
560,Dorthy,Skade,dskadefj@miitbeian.gov.cn,Female,36.229.183.17
561,Angel,Silwood,asilwoodfk@merriam-webster.com,Male,22.58.56.50
562,Phylys,Divina,pdivinafl@multiply.com,Female,131.39.63.191
563,Nathaniel,Fleis,nfleisfm@paypal.com,Male,16.222.202.159
564,Karlan,Adamides,kadamidesfn@mail.ru,Male,64.247.15.242
565,Alla,Cleaveland,acleavelandfo@ycombinator.com,Female,101.73.201.178
566,Emanuel,Wenden,ewendenfp@livejournal.com,Male,224.61.187.141
567,Caron,Casbolt,ccasboltfq@bing.com,Female,20.190.31.197
568,Sandra,Guitte,sguittefr@goo.ne.jp,Female,223.161.47.214
569,Ronda,Vearncomb,rvearncombfs@twitter.com,Female,50.162.88.17
570,Filippa,Dummer,fdummerft@sourceforge.net,Female,97.6.147.136
571,Sergeant,Robertot,srobertotfu@tinypic.com,Male,196.132.27.187
572,Lorena,Ector,lectorfv@dell.com,Female,62.88.202.94
573,Shelbi,McCloid,smccloidfw@ihg.com,Female,31.2.75.252
574,Hobard,Leatherland,hleatherlandfx@domainmarket.com,Male,154.43.100.11
575,Dell,Monier,dmonierfy@smh.com.au,Male,2.90.182.85
576,Erasmus,Amesbury,eamesburyfz@hc360.com,Male,191.95.229.39
577,Tye,Leversha,tlevershag0@ow.ly,Male,104.81.232.66
578,Tally,Fedorski,tfedorskig1@live.com,Female,168.206.62.34
579,Jerome,Verna,jvernag2@europa.eu,Male,16.14.86.240
580,Miranda,Ebbitt,mebbittg3@lulu.com,Female,2.85.172.79
581,Kennie,Huyche,khuycheg4@github.io,Male,21.4.41.251
582,Cash,Costain,ccostaing5@springer.com,Male,58.35.20.194
583,Waverley,Gillingwater,wgillingwaterg6@sina.com.cn,Male,181.217.151.166
584,Cammy,Campa,ccampag7@google.cn,Male,60.27.25.153
585,Zacharias,Thurlby,zthurlbyg8@elpais.com,Male,180.45.85.138
586,Archy,Meads,ameadsg9@t-online.de,Male,145.54.164.91
587,Emilie,Thal,ethalga@unc.edu,Female,74.116.211.132
588,Marje,Brigdale,mbrigdalegb@google.fr,Female,201.71.63.140
589,Myles,Epsly,mepslygc@4shared.com,Male,46.87.197.186
590,Alyosha,Blois,abloisgd@google.co.uk,Male,58.12.12.29
591,Cathlene,Dyne,cdynege@cbsnews.com,Female,121.185.169.29
592,Lemar,Savege,lsavegegf@gov.uk,Male,145.137.34.30
593,Sigismond,Pardal,spardalgg@aboutads.info,Male,140.43.224.113
594,Baron,Dickon,bdickongh@wikispaces.com,Male,22.200.208.196
595,Gray,Guiet,gguietgi@quantcast.com,Male,112.122.31.193
596,Brok,Vispo,bvispogj@hao123.com,Male,94.121.31.230
597,Archy,Reubens,areubensgk@google.com,Male,152.155.250.3
598,Errol,Minchinton,eminchintongl@tripod.com,Male,67.230.231.22
599,Pietra,Clara,pclaragm@thetimes.co.uk,Female,253.48.80.114
600,Danica,Gadie,dgadiegn@vinaora.com,Female,163.54.44.151
601,Mikey,Studdert,mstuddertgo@seattletimes.com,Male,87.247.74.250
602,Haleigh,Ollerearnshaw,hollerearnshawgp@springer.com,Male,152.132.224.213
603,Yelena,Ledram,yledramgq@nasa.gov,Female,137.48.227.84
604,Linda,Boatwright,lboatwrightgr@privacy.gov.au,Female,161.19.241.120
605,Milissent,Forrestor,mforrestorgs@google.co.uk,Female,106.225.85.104
606,Haroun,MacHarg,hmacharggt@com.com,Male,181.110.170.81
607,Carroll,Bebb,cbebbgu@moonfruit.com,Female,200.129.186.95
608,Georgeta,Gentsch,ggentschgv@dropbox.com,Female,166.145.210.183
609,Noellyn,Long,nlonggw@ihg.com,Female,67.98.75.31
610,Rhianna,Gilloran,rgillorangx@cargocollective.com,Female,25.83.229.231
611,Shelia,McLurg,smclurggy@whitehouse.gov,Female,240.205.86.41
612,Cinderella,Merrifield,cmerrifieldgz@geocities.com,Female,100.47.145.123
613,Krishna,Costard,kcostardh0@wordpress.com,Male,92.35.112.67
614,Ted,Glavias,tglaviash1@webmd.com,Male,241.173.248.116
615,Phillida,Pomphrey,ppomphreyh2@prlog.org,Female,208.184.94.184
616,Darrick,MacDowall,dmacdowallh3@cmu.edu,Male,102.175.145.219
617,Jeni,Ivashinnikov,jivashinnikovh4@abc.net.au,Female,201.193.39.233
618,Paulette,Constantinou,pconstantinouh5@princeton.edu,Female,64.28.159.28
619,Gardiner,Mc Carroll,gmccarrollh6@baidu.com,Male,198.149.239.38
620,Rolph,Leversha,rlevershah7@hostgator.com,Male,249.48.250.232
621,Spenser,Laste,slasteh8@w3.org,Male,49.9.233.96
622,Margalit,Buckberry,mbuckberryh9@oakley.com,Female,168.38.169.124
623,Illa,Almak,ialmakha@creativecommons.org,Female,1.114.164.208
624,Mady,Dowle,mdowlehb@prweb.com,Female,176.230.136.223
625,Tori,Alpe,talpehc@cmu.edu,Female,74.218.72.170
626,Corny,Surplice,csurplicehd@acquirethisname.com,Male,3.153.234.78
627,Maddy,Trayes,mtrayeshe@moonfruit.com,Male,160.209.182.231
628,Jarid,Mutch,jmutchhf@freewebs.com,Male,26.248.142.54
629,Marge,Skala,mskalahg@imgur.com,Female,242.241.200.66
630,Kale,Goodrum,kgoodrumhh@harvard.edu,Male,221.156.218.69
631,Di,Cattell,dcattellhi@un.org,Female,170.236.118.106
632,Aron,Osgorby,aosgorbyhj@drupal.org,Male,145.5.152.15
633,Riane,Ambler,ramblerhk@tripod.com,Female,208.48.43.181
634,Billye,Roache,broachehl@bloglovin.com,Female,202.76.114.74
635,Corliss,Couttes,ccoutteshm@usgs.gov,Female,67.147.224.80
636,Tobiah,Gilman,tgilmanhn@state.gov,Male,124.112.92.228
637,Larina,Agus,lagusho@51.la,Female,188.191.235.223
638,Friedrich,Benbow,fbenbowhp@miitbeian.gov.cn,Male,69.152.102.168
639,Cordy,Rodliff,crodliffhq@usda.gov,Female,192.250.206.92
640,Wilton,Garnsworth,wgarnsworthhr@cmu.edu,Male,114.156.78.252
641,Janine,Medlar,jmedlarhs@acquirethisname.com,Female,7.52.182.130
642,Terrye,Warrener,twarrenerht@stumbleupon.com,Female,124.157.205.90
643,Fifi,Wheaton,fwheatonhu@twitpic.com,Female,4.8.110.143
644,Genni,Hamblington,ghamblingtonhv@digg.com,Female,79.41.241.0
645,Haskel,Gut,hguthw@webnode.com,Male,233.222.169.81
646,Luther,Swoffer,lswofferhx@kickstarter.com,Male,226.141.254.217
647,Marcello,Vereker,mverekerhy@joomla.org,Male,41.128.63.217
648,Nikita,Patise,npatisehz@google.ca,Male,165.219.172.47
649,Lorine,Bertomieu,lbertomieui0@smh.com.au,Female,210.125.168.26
650,Gelya,Evett,gevetti1@mapy.cz,Female,24.167.225.39
651,Cyril,Brakewell,cbrakewelli2@irs.gov,Male,24.54.183.174
652,Tabb,Littlejohn,tlittlejohni3@webmd.com,Male,219.122.206.59
653,Terrijo,Dominique,tdominiquei4@networkadvertising.org,Female,171.9.35.230
654,Craig,Baty,cbatyi5@marketwatch.com,Male,247.25.121.210
655,Emmalee,Constantine,econstantinei6@unblog.fr,Female,119.161.110.27
656,Erena,Woolaston,ewoolastoni7@joomla.org,Female,236.149.139.179
657,Melitta,Tranckle,mtrancklei8@newsvine.com,Female,93.48.99.22
658,Jeff,Wims,jwimsi9@cornell.edu,Male,71.168.28.11
659,Hilliard,Burkill,hburkillia@list-manage.com,Male,127.218.153.214
660,Winston,Jarmaine,wjarmaineib@photobucket.com,Male,167.103.210.248
661,Arnie,Arundel,aarundelic@icio.us,Male,213.95.88.59
662,Theodor,Guillart,tguillartid@g.co,Male,20.154.180.36
663,Calli,Pelfer,cpelferie@php.net,Female,231.191.151.49
664,Othilia,Tant,otantif@google.com,Female,139.17.6.141
665,Lexis,Callear,lcallearig@altervista.org,Female,49.159.77.111
666,Neila,Heinecke,nheineckeih@gizmodo.com,Female,13.123.154.53
667,Prentice,Britland,pbritlandii@pagesperso-orange.fr,Male,217.145.253.192
668,Ferris,Breach,fbreachij@businessweek.com,Male,235.41.122.14
669,Carmine,Holbie,cholbieik@bravesites.com,Female,12.115.72.215
670,Kirby,Peltz,kpeltzil@blogs.com,Male,117.60.45.43
671,Mathilde,Schaumann,mschaumannim@businesswire.com,Female,173.121.129.36
672,Anderson,Newbury,anewburyin@addthis.com,Male,66.204.248.143
673,Jyoti,St. Queintain,jstqueintainio@baidu.com,Female,166.129.232.74
674,Adriana,Hurlestone,ahurlestoneip@hud.gov,Female,223.11.44.115
675,Paige,Blondelle,pblondelleiq@paypal.com,Male,1.212.158.139
676,Sarena,Rounsefull,srounsefullir@smh.com.au,Female,207.61.148.91
677,Deeyn,Postians,dpostiansis@naver.com,Female,76.190.137.150
678,Benyamin,Dymoke,bdymokeit@yale.edu,Male,56.238.118.24
679,Hugh,Robertazzi,hrobertazziiu@google.es,Male,17.223.42.60
680,Amery,Muddicliffe,amuddicliffeiv@furl.net,Male,56.159.144.61
681,Carree,Spellacey,cspellaceyiw@loc.gov,Female,67.66.106.252
682,Clotilda,Culy,cculyix@noaa.gov,Female,175.162.56.81
683,Teodoro,Jiroutka,tjiroutkaiy@cloudflare.com,Male,212.101.97.218
684,Keriann,Glasscoe,kglasscoeiz@nasa.gov,Female,41.254.46.243
685,Link,Lidgerton,llidgertonj0@blogtalkradio.com,Male,2.38.225.235
686,Ilse,Askem,iaskemj1@yellowbook.com,Female,145.168.34.230
687,Percy,Offell,poffellj2@sphinn.com,Male,157.210.76.212
688,Nelly,Lorman,nlormanj3@berkeley.edu,Female,91.163.45.255
689,Archibold,Lune,alunej4@simplemachines.org,Male,165.98.11.166
690,Brian,Hearnes,bhearnesj5@github.io,Male,98.33.6.240
691,Brandyn,Lampet,blampetj6@salon.com,Male,7.235.157.175
692,Lilyan,Rapaport,lrapaportj7@goo.ne.jp,Female,152.184.171.113
693,Shermie,Beane,sbeanej8@wunderground.com,Male,83.136.168.155
694,Chlo,Eyckelbeck,ceyckelbeckj9@upenn.edu,Female,69.200.55.107
695,Tobey,Bryenton,tbryentonja@flavors.me,Female,210.30.9.103
696,Sonia,Shervington,sshervingtonjb@deliciousdays.com,Female,142.194.125.204
697,Cyrille,Dafter,cdafterjc@prnewswire.com,Male,189.159.173.133
698,Leland,Ferebee,lferebeejd@reference.com,Female,163.207.213.23
699,Rossie,Frayne,rfrayneje@163.com,Male,178.183.70.200
700,Man,Boucher,mboucherjf@miibeian.gov.cn,Male,132.164.61.81
701,Leola,Sichardt,lsichardtjg@nps.gov,Female,162.66.122.66
702,Gill,Thynne,gthynnejh@is.gd,Male,221.131.87.149
703,Eddie,Scotchbrook,escotchbrookji@miibeian.gov.cn,Male,168.246.194.112
704,Holt,Lundie,hlundiejj@bing.com,Male,62.76.36.63
705,Walsh,Dowdam,wdowdamjk@si.edu,Male,148.20.71.14
706,Alfred,Barford,abarfordjl@symantec.com,Male,214.104.173.196
707,Deana,Threadgold,dthreadgoldjm@spiegel.de,Female,157.182.65.175
708,Adela,Wroe,awroejn@sohu.com,Female,10.119.11.72
709,Harvey,Polglaze,hpolglazejo@feedburner.com,Male,139.135.221.125
710,Olivie,Twinborough,otwinboroughjp@pinterest.com,Female,106.228.244.217
711,Marnie,Klageman,mklagemanjq@rakuten.co.jp,Female,206.206.212.28
712,Hershel,Meaddowcroft,hmeaddowcroftjr@fda.gov,Male,54.148.231.118
713,Erwin,Fusco,efuscojs@npr.org,Male,231.240.243.172
714,Kali,Mearing,kmearingjt@com.com,Female,107.68.53.189
715,Creighton,Fulloway,cfullowayju@hc360.com,Male,179.79.128.152
716,Farleigh,Grinvalds,fgrinvaldsjv@sciencedaily.com,Male,159.56.0.30
717,Rayna,Floyed,rfloyedjw@freewebs.com,Female,127.179.227.107
718,Magnum,Kidner,mkidnerjx@nyu.edu,Male,219.222.214.205
719,Corny,Dudding,cduddingjy@studiopress.com,Female,88.182.113.173
720,Gaston,Swift,gswiftjz@archive.org,Male,96.136.157.100
721,Hildegaard,Primmer,hprimmerk0@state.gov,Female,49.245.88.66
722,Tam,Marcus,tmarcusk1@last.fm,Male,175.99.53.19
723,Vivien,Cholwell,vcholwellk2@friendfeed.com,Female,12.243.166.30
724,Gerald,Cosker,gcoskerk3@google.ru,Male,178.219.105.174
725,Amii,Heaphy,aheaphyk4@biglobe.ne.jp,Female,62.140.93.118
726,Aldwin,Reinbeck,areinbeckk5@phpbb.com,Male,40.131.202.192
727,Chevy,Nansom,cnansomk6@shop-pro.jp,Male,87.132.230.118
728,Patsy,Denney,pdenneyk7@linkedin.com,Male,44.74.146.200
729,Iver,MacAnulty,imacanultyk8@vimeo.com,Male,75.22.107.40
730,Flemming,Sidlow,fsidlowk9@symantec.com,Male,95.117.161.116
731,Vida,Wignall,vwignallka@paypal.com,Female,62.198.161.208
732,Julee,Dubery,jduberykb@sciencedirect.com,Female,64.205.16.228
733,Gerrard,Brito,gbritokc@guardian.co.uk,Male,84.228.208.14
734,Ambros,Catterill,acatterillkd@surveymonkey.com,Male,20.180.92.185
735,Gae,Tulloch,gtullochke@wix.com,Female,11.117.131.10
736,Raddy,Dossit,rdossitkf@netscape.com,Male,106.34.76.70
737,Penny,Gooding,pgoodingkg@ucla.edu,Female,199.105.134.147
738,Chrysa,Boocock,cboocockkh@geocities.com,Female,5.62.8.112
739,Leonora,Frend,lfrendki@bizjournals.com,Female,233.113.4.230
740,Baxie,McMearty,bmcmeartykj@opera.com,Male,221.89.145.149
741,Timotheus,Williams,twilliamskk@ovh.net,Male,8.33.49.70
742,Worthington,Brislane,wbrislanekl@wisc.edu,Male,160.60.153.181
743,Muire,Bendson,mbendsonkm@yale.edu,Female,167.115.221.120
744,Hildegaard,Brooksby,hbrooksbykn@cisco.com,Female,227.124.66.10
745,Riobard,Morot,rmorotko@google.cn,Male,24.73.179.207
746,Julie,Hallward,jhallwardkp@cnet.com,Female,81.254.115.153
747,Phil,Macer,pmacerkq@simplemachines.org,Male,46.94.230.228
748,Olimpia,Livingston,olivingstonkr@comcast.net,Female,237.51.60.139
749,Nina,Butchart,nbutchartks@cyberchimps.com,Female,255.59.18.97
750,Arlee,Slaght,aslaghtkt@hc360.com,Female,252.247.69.167
751,Fan,Cuvley,fcuvleyku@umn.edu,Female,94.142.75.102
752,Elsi,Seeley,eseeleykv@biblegateway.com,Female,199.167.146.76
753,Aurlie,Suttaby,asuttabykw@chronoengine.com,Female,121.14.77.182
754,Flo,Hunnisett,fhunnisettkx@huffingtonpost.com,Female,193.207.91.37
755,Weber,Lobb,wlobbky@microsoft.com,Male,111.79.197.74
756,Adeline,Tuffey,atuffeykz@yellowpages.com,Female,214.215.180.37
757,Kienan,Soldi,ksoldil0@blogger.com,Male,173.87.208.155
758,Cammie,Hurrell,churrelll1@indiegogo.com,Female,118.55.125.171
759,Neill,Cosyns,ncosynsl2@nifty.com,Male,26.50.153.64
760,Kirbee,Schout,kschoutl3@goo.gl,Female,205.96.208.94
761,Hank,Gibbeson,hgibbesonl4@seesaa.net,Male,125.171.8.190
762,Muriel,Veale,mvealel5@etsy.com,Female,203.170.16.171
763,Rand,Kimbury,rkimburyl6@dedecms.com,Male,23.162.92.8
764,Genia,De Coursey,gdecourseyl7@histats.com,Female,15.81.129.21
765,Wes,Joly,wjolyl8@google.it,Male,209.193.151.111
766,Andre,Fuller,afullerl9@usnews.com,Male,170.13.154.28
767,Marcelle,Dowsey,mdowseyla@lycos.com,Female,0.130.75.159
768,Tomasina,Butchart,tbutchartlb@independent.co.uk,Female,226.77.55.156
769,Patric,Wheble,pwheblelc@state.gov,Male,172.134.94.178
770,Trefor,Leitch,tleitchld@diigo.com,Male,125.155.132.217
771,Burty,Vaune,bvaunele@cdbaby.com,Male,76.227.112.200
772,Minnnie,Perello,mperellolf@rediff.com,Female,130.236.132.235
773,Sigfried,Younger,syoungerlg@noaa.gov,Male,75.225.10.14
774,Holt,Phillp,hphillplh@github.io,Male,124.131.36.226
775,Mackenzie,Hoggan,mhogganli@shinystat.com,Male,46.87.193.180
776,Marabel,Condliffe,mcondliffelj@privacy.gov.au,Female,67.81.154.178
777,Sammy,Pisco,spiscolk@addthis.com,Male,227.57.68.153
778,Ray,Terrelly,rterrellyll@state.tx.us,Female,67.2.217.103
779,Eba,Korb,ekorblm@msn.com,Female,210.183.68.13
780,Kayne,Alberti,kalbertiln@wikispaces.com,Male,16.221.201.145
781,Kora,Fragino,kfraginolo@youku.com,Female,223.47.146.95
782,Dena,Chuter,dchuterlp@newsvine.com,Female,19.190.128.105
783,Michaella,McAvinchey,mmcavincheylq@gov.uk,Female,112.64.93.210
784,Bobette,Hughes,bhugheslr@bravesites.com,Female,196.204.31.59
785,Dominique,Brandenberg,dbrandenbergls@purevolume.com,Male,200.50.31.33
786,Aharon,Baldetti,abaldettilt@ebay.co.uk,Male,7.170.13.86
787,Garrek,Kinnock,gkinnocklu@webmd.com,Male,78.233.5.34
788,Adaline,Tonner,atonnerlv@dropbox.com,Female,220.141.119.115
789,Brett,Hegerty,bhegertylw@typepad.com,Female,121.95.255.154
790,Alan,Fozzard,afozzardlx@ucsd.edu,Male,8.34.125.231
791,Rosemonde,Slorance,rslorancely@feedburner.com,Female,162.33.219.133
792,Anthea,Rutgers,arutgerslz@istockphoto.com,Female,174.55.44.4
793,Candy,Boyen,cboyenm0@moonfruit.com,Female,164.219.58.1
794,Claude,Zimmermeister,czimmermeisterm1@skyrock.com,Female,85.87.113.109
795,Stefania,Tembey,stembeym2@yellowpages.com,Female,214.17.228.99
796,Mattias,Astley,mastleym3@ft.com,Male,195.112.154.58
797,Michal,Himpson,mhimpsonm4@gnu.org,Male,255.135.34.1
798,Todd,Caldera,tcalderam5@intel.com,Male,91.36.211.245
799,Bibi,Childe,bchildem6@pcworld.com,Female,230.205.130.57
800,Creigh,Colam,ccolamm7@github.io,Male,211.3.135.113
801,Bekki,Likly,bliklym8@reddit.com,Female,64.202.183.239
802,Kenneth,Ebertz,kebertzm9@sogou.com,Male,0.237.49.9
803,Aurie,Francklin,afrancklinma@yelp.com,Female,149.202.63.225
804,Maxim,Campe,mcampemb@fda.gov,Male,195.214.95.252
805,Thacher,Parysowna,tparysownamc@lycos.com,Male,167.66.180.109
806,Orsa,Patridge,opatridgemd@irs.gov,Female,14.142.210.124
807,Bret,Guenther,bguentherme@fotki.com,Male,219.205.21.68
808,Serene,Quartley,squartleymf@prlog.org,Female,47.173.58.209
809,Abby,Llewelly,allewellymg@comcast.net,Female,18.178.250.91
810,Marilee,Ruler,mrulermh@about.com,Female,198.86.75.173
811,Stern,Segeswoeth,ssegeswoethmi@paypal.com,Male,153.133.127.74
812,Devin,Buckeridge,dbuckeridgemj@cbsnews.com,Male,234.184.151.20
813,Hadrian,Ellin,hellinmk@studiopress.com,Male,97.125.66.32
814,Vaughn,Davidzon,vdavidzonml@creativecommons.org,Male,19.187.97.222
815,Shawna,Bullard,sbullardmm@mac.com,Female,44.238.165.185
816,Stephani,Dowsing,sdowsingmn@wikimedia.org,Female,3.79.136.73
817,Cloe,Scafe,cscafemo@cargocollective.com,Female,141.53.71.173
818,Celina,Giamelli,cgiamellimp@tmall.com,Female,157.128.66.163
819,Matteo,Thornewell,mthornewellmq@canalblog.com,Male,83.102.230.194
820,Alano,Dominy,adominymr@biglobe.ne.jp,Male,194.57.254.155
821,Lonny,Wilhelmy,lwilhelmyms@delicious.com,Male,216.132.117.160
822,Brose,Dutson,bdutsonmt@dailymotion.com,Male,56.238.109.131
823,Tabb,Greve,tgrevemu@photobucket.com,Male,145.58.128.50
824,Laughton,Poe,lpoemv@arizona.edu,Male,180.189.87.62
825,Penelope,Goucher,pgouchermw@slate.com,Female,17.232.154.178
826,Mildred,Kick,mkickmx@123-reg.co.uk,Female,12.126.235.175
827,Delphinia,Drummond,ddrummondmy@epa.gov,Female,149.171.159.152
828,Stevie,Cubberley,scubberleymz@prlog.org,Male,5.37.170.193
829,Editha,Newby,enewbyn0@wikispaces.com,Female,23.214.168.101
830,Boyce,Glasner,bglasnern1@xinhuanet.com,Male,246.80.209.38
831,Quinlan,Culbert,qculbertn2@cbsnews.com,Male,243.161.130.80
832,Hagen,Harbach,hharbachn3@huffingtonpost.com,Male,0.117.31.86
833,Theresita,MacMenamin,tmacmenaminn4@businesswire.com,Female,155.130.99.57
834,Margarette,Weightman,mweightmann5@jalbum.net,Female,113.208.244.112
835,Kendra,Vokes,kvokesn6@census.gov,Female,240.243.92.255
836,Lark,Courtman,lcourtmann7@clickbank.net,Female,102.30.218.218
837,Dion,Ginn,dginnn8@diigo.com,Female,49.194.127.8
838,Kalinda,O'Carran,kocarrann9@typepad.com,Female,40.189.21.33
839,Gradeigh,Nelhams,gnelhamsna@independent.co.uk,Male,7.190.223.229
840,Buddie,Willgrass,bwillgrassnb@desdev.cn,Male,45.222.10.231
841,Ottilie,Zanettini,ozanettininc@deliciousdays.com,Female,157.254.198.34
842,Letizia,Tregenna,ltregennand@boston.com,Female,217.24.150.154
843,Sergent,Bucham,sbuchamne@wp.com,Male,249.249.58.133
844,Marlyn,Gynne,mgynnenf@domainmarket.com,Female,240.119.146.246
845,Sherry,Dundridge,sdundridgeng@youtu.be,Female,42.219.203.169
846,Jere,Purviss,jpurvissnh@odnoklassniki.ru,Male,254.64.215.222
847,Grove,Sineath,gsineathni@uiuc.edu,Male,43.251.208.165
848,Jamal,Atmore,jatmorenj@nifty.com,Male,49.19.28.240
849,Sharon,Marczyk,smarczyknk@census.gov,Female,207.177.143.167
850,Marina,Fisbey,mfisbeynl@howstuffworks.com,Female,146.229.10.151
851,Berry,Melbert,bmelbertnm@furl.net,Female,150.83.46.183
852,Lonnie,Wapples,lwapplesnn@ucla.edu,Female,118.10.91.157
853,Fanechka,Corneljes,fcorneljesno@goo.gl,Female,97.114.79.183
854,Kerry,Hearn,khearnnp@nsw.gov.au,Male,88.183.96.142
855,Nial,Bordiss,nbordissnq@wunderground.com,Male,199.27.164.96
856,Rosaleen,Alcide,ralcidenr@themeforest.net,Female,106.177.48.160
857,Kele,Duffield,kduffieldns@ed.gov,Male,223.55.44.245
858,Delphinia,Mustill,dmustillnt@sina.com.cn,Female,146.229.47.117
859,Derry,Wrennall,dwrennallnu@mozilla.org,Male,75.219.138.28
860,Milt,Van Hault,mvanhaultnv@ustream.tv,Male,213.55.74.214
861,Webster,Fosdike,wfosdikenw@netvibes.com,Male,97.191.74.156
862,Duncan,Gerhardt,dgerhardtnx@archive.org,Male,170.68.82.229
863,Wilfred,Weatherhogg,wweatherhoggny@cbc.ca,Male,38.145.23.169
864,Aube,Brugsma,abrugsmanz@archive.org,Male,117.104.184.46
865,Fiorenze,Adolf,fadolfo0@clickbank.net,Female,237.105.99.180
866,Rosalinda,Kirwood,rkirwoodo1@indiegogo.com,Female,194.254.103.181
867,Maud,Shears,mshearso2@digg.com,Female,218.70.130.140
868,Iris,Paffley,ipaffleyo3@psu.edu,Female,254.216.186.63
869,Hillary,Riveles,hriveleso4@yahoo.co.jp,Male,149.148.69.69
870,Roderick,Mugleston,rmuglestono5@bandcamp.com,Male,180.141.116.9
871,Minne,Rossetti,mrossettio6@friendfeed.com,Female,240.250.43.228
872,Hyacintha,Boodell,hboodello7@typepad.com,Female,195.99.137.114
873,Patton,Pestridge,ppestridgeo8@example.com,Male,49.34.69.99
874,Car,Malec,cmaleco9@psu.edu,Male,50.101.194.244
875,Alana,Lindenbluth,alindenbluthoa@macromedia.com,Female,24.169.235.131
876,Iorgo,Tight,itightob@oaic.gov.au,Male,220.116.45.111
877,Keefe,Flye,kflyeoc@wordpress.com,Male,144.250.190.109
878,Nahum,Lakes,nlakesod@opensource.org,Male,73.40.82.60
879,Gaspar,Leahey,gleaheyoe@skype.com,Male,33.98.217.242
880,Kellen,Reddings,kreddingsof@uiuc.edu,Female,183.43.166.150
881,Malia,Gossipin,mgossipinog@wiley.com,Female,174.200.250.152
882,Carry,Greenall,cgreenalloh@meetup.com,Female,76.64.71.0
883,Terra,MacKeig,tmackeigoi@163.com,Female,238.12.170.22
884,Ava,Van Hault,avanhaultoj@chronoengine.com,Female,216.221.88.224
885,Tabitha,Rentoul,trentoulok@list-manage.com,Female,96.56.149.26
886,Adore,Huggard,ahuggardol@51.la,Female,253.222.16.46
887,Roddy,Boys,rboysom@wikimedia.org,Male,110.19.137.176
888,Jo,Chiswell,jchiswellon@skype.com,Male,43.212.0.89
889,Pieter,Kerrich,pkerrichoo@answers.com,Male,179.127.159.101
890,Kalila,Germaine,kgermaineop@vinaora.com,Female,228.11.35.219
891,Morgun,Addicott,maddicottoq@nhs.uk,Male,17.171.136.70
892,Alexina,Ellingsworth,aellingsworthor@biblegateway.com,Female,226.250.98.174
893,Tripp,Skilbeck,tskilbeckos@jugem.jp,Male,75.19.184.102
894,Gerardo,Mosco,gmoscoot@mac.com,Male,135.80.227.228
895,Ursola,Rykert,urykertou@eepurl.com,Female,145.253.17.105
896,Robinet,Candie,rcandieov@altervista.org,Male,173.185.90.240
897,Giles,Ridges,gridgesow@ihg.com,Male,81.79.163.72
898,Maxy,Pessler,mpesslerox@auda.org.au,Female,197.116.21.70
899,Daryn,Wermerling,dwermerlingoy@ucoz.com,Female,67.27.24.47
900,Claudia,Hobgen,chobgenoz@archive.org,Female,156.204.246.173
901,Tiff,Hare,tharep0@sitemeter.com,Female,16.134.153.238
902,Claiborn,Bownas,cbownasp1@intel.com,Male,215.183.139.123
903,Antonella,Penticost,apenticostp2@bluehost.com,Female,247.239.159.106
904,Florinda,Nabarro,fnabarrop3@dropbox.com,Female,149.180.230.60
905,Alvinia,Libbey,alibbeyp4@reference.com,Female,41.13.208.138
906,Dorette,Farguhar,dfarguharp5@java.com,Female,39.218.27.57
907,Ealasaid,Girke,egirkep6@cnn.com,Female,91.65.49.236
908,Abrahan,Lawrenson,alawrensonp7@nyu.edu,Male,82.128.135.222
909,Min,Pawling,mpawlingp8@china.com.cn,Female,14.235.162.26
910,Clarke,Bilbrook,cbilbrookp9@ftc.gov,Male,239.73.50.18
911,Francklyn,Crevy,fcrevypa@redcross.org,Male,113.45.61.51
912,Floris,Worswick,fworswickpb@aboutads.info,Female,248.178.228.86
913,Selinda,Maffulli,smaffullipc@acquirethisname.com,Female,228.10.211.155
914,Yorgo,Dyble,ydyblepd@deliciousdays.com,Male,156.163.164.207
915,Joelly,McHenry,jmchenrype@apple.com,Female,234.121.231.231
916,Shurlocke,Battrum,sbattrumpf@cyberchimps.com,Male,138.118.196.78
917,Elnore,Weepers,eweeperspg@tripadvisor.com,Female,241.60.117.107
918,Daphna,Paula,dpaulaph@ihg.com,Female,218.248.51.9
919,Aggie,MacGowing,amacgowingpi@amazon.co.uk,Female,178.205.190.77
920,Berkley,Killelea,bkilleleapj@rambler.ru,Male,56.32.231.22
921,Bent,Jarmyn,bjarmynpk@behance.net,Male,69.63.252.6
922,Bob,McQuillan,bmcquillanpl@youku.com,Male,38.70.66.61
923,Eamon,Drejer,edrejerpm@yale.edu,Male,148.47.179.130
924,Kev,Slemming,kslemmingpn@csmonitor.com,Male,115.108.116.73
925,Palm,Persicke,ppersickepo@sciencedaily.com,Male,113.236.181.191
926,Dierdre,Rawsthorne,drawsthornepp@elpais.com,Female,219.130.99.124
927,Care,McKeevers,cmckeeverspq@ted.com,Male,112.102.254.3
928,Sebastien,Collyear,scollyearpr@hibu.com,Male,53.153.24.103
929,Lanita,Patria,lpatriaps@multiply.com,Female,118.50.254.22
930,Vannie,Probin,vprobinpt@de.vu,Female,110.167.186.164
931,Chrystel,Ivashkov,civashkovpu@ucoz.com,Female,2.88.152.198
932,Nat,Bulman,nbulmanpv@upenn.edu,Male,89.203.255.63
933,Faye,Cullinane,fcullinanepw@tinyurl.com,Female,98.195.155.164
934,Ainsley,Drache,adrachepx@latimes.com,Female,70.221.188.101
935,Garrik,Luty,glutypy@jugem.jp,Male,189.172.208.155
936,Maxy,McGiff,mmcgiffpz@alexa.com,Male,86.48.120.173
937,Reinhold,Orry,rorryq0@w3.org,Male,6.132.203.94
938,Osbourn,MacKeague,omackeagueq1@mayoclinic.com,Male,126.17.35.43
939,Maurizia,Hussey,mhusseyq2@imageshack.us,Female,159.207.45.152
940,Alfie,St Ledger,astledgerq3@ask.com,Female,203.143.129.157
941,Marillin,O'Flaverty,moflavertyq4@thetimes.co.uk,Female,14.142.167.237
942,Kiri,Brookwell,kbrookwellq5@ebay.co.uk,Female,34.119.102.141
943,Tallia,Jarvis,tjarvisq6@yolasite.com,Female,15.222.27.178
944,Maximilianus,Salery,msaleryq7@usgs.gov,Male,135.250.164.109
945,Stormi,Odlin,sodlinq8@a8.net,Female,18.11.120.5
946,Lucais,Panchen,lpanchenq9@moonfruit.com,Male,129.118.112.141
947,Estele,Saphir,esaphirqa@cisco.com,Female,22.194.159.76
948,Shirline,Lishman,slishmanqb@issuu.com,Female,208.103.155.169
949,Roze,Louch,rlouchqc@angelfire.com,Female,82.183.95.206
950,Krishna,Van der Daal,kvanderdaalqd@virginia.edu,Male,34.151.27.158
951,Stefania,Simoncello,ssimoncelloqe@elpais.com,Female,241.8.23.174
952,Nealson,Anlay,nanlayqf@senate.gov,Male,82.226.220.233
953,Marion,Chartres,mchartresqg@umich.edu,Female,103.220.94.110
954,Dorthy,Dietz,ddietzqh@oaic.gov.au,Female,20.32.196.120
955,Lars,Schohier,lschohierqi@indiatimes.com,Male,184.213.89.208
956,Ivor,Haitlie,ihaitlieqj@istockphoto.com,Male,192.131.135.199
957,Tatiania,Pluvier,tpluvierqk@lycos.com,Female,186.108.55.153
958,Horatius,Tern,hternql@java.com,Male,155.47.85.197
959,Calley,Wileman,cwilemanqm@pen.io,Female,33.14.62.39
960,Johann,Whitticks,jwhitticksqn@who.int,Male,170.74.25.6
961,Hyacinth,Banbrick,hbanbrickqo@pen.io,Female,41.39.247.159
962,Eden,Vuitte,evuitteqp@blogger.com,Female,113.37.69.71
963,Guinna,Blackledge,gblackledgeqq@ebay.com,Female,64.20.234.239
964,Cairistiona,Theze,cthezeqr@e-recht24.de,Female,175.240.73.66
965,Codee,Profit,cprofitqs@mozilla.org,Female,199.213.73.183
966,Chicky,Garnett,cgarnettqt@google.co.jp,Female,158.42.69.203
967,Arni,Lambrick,alambrickqu@unblog.fr,Male,97.55.175.30
968,Gerri,Simione,gsimioneqv@sohu.com,Male,116.226.176.93
969,Ulrick,Salery,usaleryqw@ycombinator.com,Male,128.56.14.118
970,Eddy,Devigne,edevigneqx@google.it,Male,239.177.215.193
971,Sonny,Wittke,swittkeqy@cbc.ca,Female,207.200.254.44
972,Ruttger,Mossman,rmossmanqz@wix.com,Male,143.104.13.126
973,Valaria,De Carteret,vdecarteretr0@statcounter.com,Female,17.0.136.205
974,Cleve,Uden,cudenr1@flickr.com,Male,241.223.70.39
975,Nevin,Vasilic,nvasilicr2@macromedia.com,Male,144.205.125.212
976,Kacy,Sopp,ksoppr3@senate.gov,Female,124.161.3.83
977,Witty,Acarson,wacarsonr4@biglobe.ne.jp,Male,175.86.184.47
978,Phebe,Antal,pantalr5@nba.com,Female,157.185.38.159
979,Lita,Kuzma,lkuzmar6@deliciousdays.com,Female,164.127.52.45
980,Renee,Issacov,rissacovr7@icq.com,Female,71.104.115.236
981,Perri,Petrenko,ppetrenkor8@bbc.co.uk,Female,251.81.118.219
982,Dee,Kliche,dklicher9@wufoo.com,Female,115.246.185.161
983,Teodorico,Cranke,tcrankera@amazon.co.jp,Male,27.41.52.254
984,Guendolen,Boness,gbonessrb@creativecommons.org,Female,114.226.213.65
985,Lacee,Elphinstone,lelphinstonerc@last.fm,Female,113.79.122.126
986,Luce,Reichert,lreichertrd@devhub.com,Male,158.51.170.146
987,Myrtie,Raunds,mraundsre@dagondesign.com,Female,132.116.191.61
988,Ingelbert,Kleint,ikleintrf@dailymotion.com,Male,129.93.31.178
989,Emelina,Wheelwright,ewheelwrightrg@histats.com,Female,167.35.10.67
990,Deborah,Reinbeck,dreinbeckrh@hc360.com,Female,62.210.231.12
991,Lizbeth,Cordell,lcordellri@sourceforge.net,Female,113.223.250.61
992,Derril,Muress,dmuressrj@nasa.gov,Male,80.156.188.38
993,Blondelle,Lembke,blembkerk@google.ru,Female,61.206.112.132
994,Rory,Levy,rlevyrl@photobucket.com,Male,71.179.210.246
995,Davina,Thurman,dthurmanrm@artisteer.com,Female,139.51.182.137
996,Sloan,Bentham3,sbenthamrn@discuz.net,Male,3.109.123.208
997,Rey,McSpirron,rmcspirronro@springer.com,Female,165.177.34.179
998,Karel,Artingstall,kartingstallrp@printfriendly.com,Male,71.195.120.116
999,Merle,Skitt,mskittrq@senate.gov,Female,56.50.159.65
1000,Jake,Jerdan,jjerdanrr@hubpages.com,Male,37.219.78.124
